math_score,reading_score,writing_score,gender_encoded,race_group_A,race_group_B,race_group_C,race_group_D,race_group_E,parental_level_of_education_associates_degree,parental_level_of_education_bachelors_degree,parental_level_of_education_high_school,parental_level_of_education_masters_degree,parental_level_of_education_some_college,parental_level_of_education_some_high_school,lunch_encoded,test_prep_encoded,average_score
72,72,74,0,False,True,False,False,False,False,True,False,False,False,False,1,0,73
69,90,88,0,False,False,True,False,False,False,False,False,False,True,False,1,1,82
90,95,93,0,False,True,False,False,False,False,False,False,True,False,False,1,0,93
47,57,44,1,True,False,False,False,False,True,False,False,False,False,False,0,0,49
76,78,75,1,False,False,True,False,False,False,False,False,False,True,False,1,0,76
71,83,78,0,False,True,False,False,False,True,False,False,False,False,False,1,0,77
88,95,92,0,False,True,False,False,False,False,False,False,False,True,False,1,1,92
40,43,39,1,False,True,False,False,False,False,False,False,False,True,False,0,0,41
64,64,67,1,False,False,False,True,False,False,False,True,False,False,False,0,1,65
38,60,50,0,False,True,False,False,False,False,False,True,False,False,False,0,0,49
58,54,52,1,False,False,True,False,False,True,False,False,False,False,False,1,0,55
40,52,43,1,False,False,False,True,False,True,False,False,False,False,False,1,0,45
65,81,73,0,False,True,False,False,False,False,False,True,False,False,False,1,0,73
78,72,70,1,True,False,False,False,False,False,False,False,False,True,False,1,1,73
50,53,58,0,True,False,False,False,False,False,False,False,True,False,False,1,0,54
69,75,78,0,False,False,True,False,False,False,False,False,False,False,True,1,0,74
88,89,86,1,False,False,True,False,False,False,False,True,False,False,False,1,0,88
18,32,28,0,False,True,False,False,False,False,False,False,False,False,True,0,0,26
46,42,46,1,False,False,True,False,False,False,False,False,True,False,False,0,1,45
54,58,61,0,False,False,True,False,False,True,False,False,False,False,False,0,0,58
66,69,63,1,False,False,False,True,False,False,False,True,False,False,False,1,0,66
65,75,70,0,False,True,False,False,False,False,False,False,False,True,False,0,1,70
44,54,53,1,False,False,False,True,False,False,False,False,False,True,False,1,0,50
69,73,73,0,False,False,True,False,False,False,False,False,False,False,True,1,0,72
74,71,80,1,False,False,False,True,False,False,True,False,False,False,False,0,1,75
73,74,72,1,True,False,False,False,False,False,False,False,True,False,False,0,0,73
69,54,55,1,False,True,False,False,False,False,False,False,False,True,False,1,0,59
67,69,75,0,False,False,True,False,False,False,True,False,False,False,False,1,0,70
70,70,65,1,False,False,True,False,False,False,False,True,False,False,False,1,0,68
62,70,75,0,False,False,False,True,False,False,False,False,True,False,False,1,0,69
69,74,74,0,False,False,False,True,False,False,False,False,False,True,False,1,0,72
63,65,61,0,False,True,False,False,False,False,False,False,False,True,False,1,0,63
56,72,65,0,False,False,False,False,True,False,False,False,True,False,False,0,0,64
40,42,38,1,False,False,False,True,False,False,False,False,False,True,False,1,0,40
97,87,82,1,False,False,False,False,True,False,False,False,False,True,False,1,0,89
81,81,79,1,False,False,False,False,True,True,False,False,False,False,False,1,1,80
74,81,83,0,False,False,False,True,False,True,False,False,False,False,False,1,0,79
50,64,59,0,False,False,False,True,False,False,False,False,False,False,True,0,0,58
75,90,88,0,False,False,False,True,False,True,False,False,False,False,False,0,1,84
57,56,57,1,False,True,False,False,False,True,False,False,False,False,False,0,0,57
55,61,54,1,False,False,True,False,False,True,False,False,False,False,False,0,0,57
58,73,68,0,False,False,True,False,False,True,False,False,False,False,False,1,0,66
53,58,65,0,False,True,False,False,False,True,False,False,False,False,False,1,0,59
59,65,66,1,False,True,False,False,False,False,False,False,False,True,False,0,1,63
50,56,54,0,False,False,False,False,True,True,False,False,False,False,False,0,0,53
65,54,57,1,False,True,False,False,False,True,False,False,False,False,False,1,0,59
55,65,62,0,True,False,False,False,False,True,False,False,False,False,False,1,1,61
66,71,76,0,False,False,True,False,False,False,False,True,False,False,False,1,0,71
57,74,76,0,False,False,False,True,False,True,False,False,False,False,False,0,1,69
82,84,82,1,False,False,True,False,False,False,False,True,False,False,False,1,1,83
53,55,48,1,False,False,False,False,True,False,False,False,False,True,False,1,0,52
77,69,68,1,False,False,False,False,True,True,False,False,False,False,False,0,1,71
53,44,42,1,False,False,True,False,False,False,False,False,False,True,False,1,0,46
88,78,75,1,False,False,False,True,False,False,False,True,False,False,False,1,0,80
71,84,87,0,False,False,True,False,False,False,False,False,False,False,True,0,1,81
33,41,43,0,False,False,True,False,False,False,False,True,False,False,False,0,0,39
82,85,86,0,False,False,False,False,True,True,False,False,False,False,False,1,1,84
52,55,49,1,False,False,False,True,False,True,False,False,False,False,False,1,0,52
58,59,58,1,False,False,False,True,False,False,False,False,False,True,False,1,1,58
0,17,10,0,False,False,True,False,False,False,False,False,False,False,True,0,0,9
79,74,72,1,False,False,False,False,True,False,True,False,False,False,False,0,1,75
39,39,34,1,True,False,False,False,False,False,False,False,False,False,True,0,0,37
62,61,55,1,True,False,False,False,False,True,False,False,False,False,False,0,0,59
69,80,71,0,False,False,True,False,False,True,False,False,False,False,False,1,0,73
59,58,59,0,False,False,False,True,False,False,False,False,False,False,True,1,0,59
67,64,61,1,False,True,False,False,False,False,False,False,False,False,True,1,0,64
45,37,37,1,False,False,False,True,False,False,False,False,False,False,True,0,0,40
60,72,74,0,False,False,True,False,False,False,False,False,False,True,False,1,0,69
61,58,56,1,False,True,False,False,False,True,False,False,False,False,False,0,0,58
39,64,57,0,False,False,True,False,False,True,False,False,False,False,False,1,0,53
58,63,73,0,False,False,False,True,False,False,False,False,False,True,False,0,1,65
63,55,63,1,False,False,False,True,False,False,False,False,False,True,False,1,1,60
41,51,48,0,True,False,False,False,False,True,False,False,False,False,False,0,0,47
61,57,56,1,False,False,True,False,False,False,False,False,False,False,True,0,0,58
49,49,41,1,False,False,True,False,False,False,False,False,False,False,True,1,0,46
44,41,38,1,False,True,False,False,False,True,False,False,False,False,False,0,0,41
30,26,22,1,False,False,False,False,True,False,False,False,False,False,True,1,0,26
80,78,81,1,True,False,False,False,False,False,True,False,False,False,False,1,1,80
61,74,72,0,False,False,False,True,False,False,False,False,False,False,True,1,1,69
62,68,68,0,False,False,False,False,True,False,False,False,True,False,False,1,0,66
47,49,50,0,False,True,False,False,False,True,False,False,False,False,False,1,0,49
49,45,45,1,False,True,False,False,False,False,False,True,False,False,False,0,0,46
50,47,54,1,True,False,False,False,False,False,False,False,False,True,False,0,1,50
72,64,63,1,False,False,False,False,True,True,False,False,False,False,False,1,0,66
42,39,34,1,False,False,False,True,False,False,False,True,False,False,False,0,0,38
73,80,82,0,False,False,True,False,False,False,False,False,False,True,False,1,0,78
76,83,88,0,False,False,True,False,False,False,False,False,False,True,False,0,0,82
71,71,74,0,False,False,False,True,False,True,False,False,False,False,False,1,0,72
58,70,67,0,True,False,False,False,False,False,False,False,False,True,False,1,0,65
73,86,82,0,False,False,False,True,False,False,False,False,False,False,True,1,0,80
65,72,74,0,False,False,True,False,False,False,True,False,False,False,False,1,0,70
27,34,36,1,False,False,True,False,False,False,False,True,False,False,False,0,0,32
71,79,71,1,False,False,True,False,False,False,False,True,False,False,False,1,0,74
43,45,50,1,False,False,True,False,False,True,False,False,False,False,False,0,1,46
79,86,92,0,False,True,False,False,False,False,False,False,False,True,False,1,0,86
78,81,82,1,False,False,True,False,False,True,False,False,False,False,False,0,1,80
65,66,62,1,False,True,False,False,False,False,False,False,False,False,True,1,1,64
63,72,70,0,False,False,False,False,True,False,False,False,False,True,False,1,1,68
58,67,62,0,False,False,False,True,False,False,False,False,False,True,False,0,0,62
65,67,62,0,False,False,False,True,False,False,True,False,False,False,False,1,0,65
79,67,67,1,False,True,False,False,False,False,False,False,False,True,False,1,0,71
68,74,74,1,False,False,False,True,False,False,True,False,False,False,False,1,1,72
85,91,89,0,False,False,False,True,False,True,False,False,False,False,False,1,0,88
60,44,47,1,False,True,False,False,False,False,False,True,False,False,False,1,1,50
98,86,90,1,False,False,True,False,False,False,False,False,False,True,False,1,1,91
58,67,72,0,False,False,True,False,False,False,False,False,False,True,False,1,0,66
87,100,100,0,False,False,False,True,False,False,False,False,True,False,False,1,0,96
66,63,64,1,False,False,False,False,True,True,False,False,False,False,False,1,1,64
52,76,70,0,False,True,False,False,False,True,False,False,False,False,False,0,0,66
70,64,72,0,False,True,False,False,False,False,False,False,False,False,True,1,0,69
77,89,98,0,False,False,False,True,False,True,False,False,False,False,False,0,1,88
62,55,49,1,False,False,True,False,False,False,False,True,False,False,False,1,0,55
54,53,47,1,True,False,False,False,False,True,False,False,False,False,False,1,0,51
51,58,54,0,False,False,False,True,False,False,False,False,False,True,False,1,0,54
99,100,100,0,False,False,False,False,True,False,True,False,False,False,False,1,1,100
84,77,74,1,False,False,True,False,False,False,False,True,False,False,False,1,0,78
75,85,82,0,False,True,False,False,False,False,True,False,False,False,False,0,0,81
78,82,79,0,False,False,False,True,False,False,True,False,False,False,False,1,0,80
51,63,61,0,False,False,False,True,False,False,False,False,False,False,True,1,0,58
55,69,65,0,False,False,True,False,False,False,False,False,False,True,False,1,0,63
79,92,89,0,False,False,True,False,False,False,True,False,False,False,False,1,1,87
91,89,92,1,False,True,False,False,False,True,False,False,False,False,False,1,1,91
88,93,93,0,False,False,True,False,False,False,False,False,False,True,False,1,1,91
63,57,56,1,False,False,False,True,False,False,False,True,False,False,False,0,0,59
83,80,73,1,False,False,False,False,True,False,False,False,False,True,False,1,0,79
87,95,86,0,False,True,False,False,False,False,False,True,False,False,False,1,0,89
72,68,67,1,False,True,False,False,False,False,False,False,False,False,True,1,0,69
65,77,74,1,False,False,False,True,False,False,False,False,False,True,False,1,1,72
82,82,74,1,False,False,False,True,False,False,False,False,True,False,False,1,0,79
51,49,51,0,True,False,False,False,False,False,True,False,False,False,False,1,0,50
89,84,82,1,False,False,False,True,False,False,False,False,True,False,False,1,0,85
53,37,40,1,False,False,True,False,False,False,False,False,False,False,True,0,1,43
87,74,70,1,False,False,False,False,True,False,False,False,False,True,False,0,1,77
75,81,84,0,False,False,True,False,False,False,False,False,False,True,False,1,1,80
74,79,75,1,False,False,False,True,False,False,True,False,False,False,False,0,1,76
58,55,48,1,False,False,True,False,False,False,True,False,False,False,False,1,0,54
51,54,41,1,False,True,False,False,False,False,False,False,False,False,True,1,1,49
70,55,56,1,False,False,False,False,True,False,False,True,False,False,False,1,0,60
59,66,67,0,False,False,True,False,False,True,False,False,False,False,False,1,0,64
71,61,69,1,False,False,False,True,False,False,False,False,False,True,False,1,1,67
76,72,71,0,False,False,False,True,False,False,False,False,False,False,True,1,0,73
59,62,64,0,False,False,True,False,False,False,False,False,False,True,False,0,0,62
42,55,54,0,False,False,False,False,True,False,False,False,False,True,False,0,1,50
57,43,47,1,True,False,False,False,False,False,False,True,False,False,False,1,0,49
88,73,78,1,False,False,False,True,False,False,False,False,False,True,False,1,0,80
22,39,33,0,False,False,True,False,False,False,False,False,False,True,False,0,0,31
88,84,75,1,False,True,False,False,False,False,False,False,False,False,True,1,0,82
73,68,66,1,False,False,True,False,False,True,False,False,False,False,False,0,0,69
68,75,81,0,False,False,False,True,False,False,True,False,False,False,False,1,1,75
100,100,93,1,False,False,False,False,True,True,False,False,False,False,False,0,1,98
62,67,69,1,True,False,False,False,False,False,False,False,False,False,True,1,1,66
77,67,68,1,True,False,False,False,False,False,True,False,False,False,False,1,0,71
59,70,66,0,False,True,False,False,False,True,False,False,False,False,False,1,1,65
54,49,47,1,False,False,False,True,False,False,True,False,False,False,False,1,0,50
62,67,61,1,False,False,False,True,False,False,False,False,False,False,True,1,0,63
70,89,88,0,False,False,True,False,False,False,False,False,False,True,False,1,1,82
66,74,78,0,False,False,False,False,True,False,False,True,False,False,False,0,1,73
60,60,60,1,False,True,False,False,False,False,False,False,False,True,False,0,0,60
61,86,87,0,False,True,False,False,False,True,False,False,False,False,False,1,1,78
66,62,64,1,False,False,False,True,False,True,False,False,False,False,False,0,0,64
82,78,74,1,False,True,False,False,False,True,False,False,False,False,False,0,1,78
75,88,85,0,False,False,False,False,True,False,False,False,False,True,False,0,1,83
49,53,52,1,False,True,False,False,False,False,False,False,True,False,False,0,0,51
52,53,49,1,False,False,True,False,False,False,False,True,False,False,False,1,0,51
81,92,91,0,False,False,False,False,True,False,False,False,True,False,False,1,0,88
96,100,100,0,False,False,True,False,False,False,True,False,False,False,False,1,1,99
53,51,51,1,False,False,True,False,False,False,False,True,False,False,False,0,1,52
58,76,78,0,False,True,False,False,False,False,False,False,True,False,False,0,1,71
68,83,78,0,False,True,False,False,False,False,False,True,False,False,False,1,1,76
67,75,70,0,False,False,True,False,False,False,False,False,False,True,False,0,1,71
72,73,74,1,True,False,False,False,False,False,False,True,False,False,False,1,1,73
94,88,78,1,False,False,False,False,True,False,False,False,False,False,True,1,0,87
79,86,81,0,False,False,False,True,False,False,False,False,False,True,False,1,0,82
63,67,70,0,False,False,True,False,False,True,False,False,False,False,False,1,0,67
43,51,54,0,False,False,True,False,False,False,True,False,False,False,False,0,1,49
81,91,87,0,False,False,True,False,False,False,False,False,True,False,False,1,1,86
46,54,58,0,False,True,False,False,False,False,False,True,False,False,False,0,1,53
71,77,77,0,False,False,True,False,False,True,False,False,False,False,False,1,1,75
52,70,62,0,False,True,False,False,False,False,False,False,True,False,False,0,1,61
97,100,100,0,False,False,False,True,False,False,False,False,False,False,True,1,1,99
62,68,75,1,False,False,True,False,False,False,False,False,True,False,False,0,1,68
46,64,66,0,False,False,True,False,False,False,False,False,False,True,False,0,0,59
50,50,47,0,False,False,False,False,True,False,False,True,False,False,False,1,0,49
65,69,70,0,False,False,False,True,False,True,False,False,False,False,False,1,0,68
45,52,49,1,False,False,True,False,False,False,False,False,False,False,True,0,1,49
65,67,65,1,False,False,True,False,False,True,False,False,False,False,False,0,1,66
80,76,65,1,False,False,False,False,True,False,False,True,False,False,False,1,0,74
62,66,68,1,False,False,False,True,False,False,False,False,False,False,True,1,1,65
48,52,45,1,False,True,False,False,False,False,False,False,False,False,True,0,0,48
77,88,87,0,False,False,True,False,False,False,True,False,False,False,False,1,0,84
66,65,69,0,False,False,False,False,True,True,False,False,False,False,False,1,0,67
76,83,79,1,False,False,False,True,False,False,False,False,False,True,False,1,1,79
62,64,66,0,False,True,False,False,False,False,False,False,False,False,True,1,0,64
77,62,62,1,False,False,False,True,False,False,False,False,False,True,False,1,1,67
69,84,85,0,False,False,True,False,False,False,False,False,True,False,False,1,1,79
61,55,52,1,False,False,False,True,False,True,False,False,False,False,False,1,0,56
59,69,65,1,False,False,True,False,False,False,False,False,False,False,True,0,1,64
55,56,51,1,False,False,False,False,True,False,False,True,False,False,False,0,0,54
45,53,55,0,False,True,False,False,False,False,False,False,False,True,False,0,0,51
78,79,76,0,False,True,False,False,False,False,True,False,False,False,False,0,0,78
67,84,86,0,False,False,True,False,False,True,False,False,False,False,False,1,1,79
65,81,77,0,False,False,False,True,False,False,False,False,False,True,False,0,0,74
69,77,69,1,False,False,True,False,False,True,False,False,False,False,False,1,0,72
57,69,68,0,False,True,False,False,False,True,False,False,False,False,False,1,0,65
59,41,42,1,False,False,True,False,False,False,False,False,False,True,False,1,0,47
74,71,78,1,False,False,False,True,False,False,False,False,False,False,True,1,1,74
82,62,62,1,False,False,False,False,True,False,True,False,False,False,False,1,0,69
81,80,76,1,False,False,False,False,True,False,False,True,False,False,False,1,1,79
74,81,76,0,False,True,False,False,False,False,False,False,False,True,False,0,0,77
58,61,66,0,False,True,False,False,False,False,False,False,False,True,False,0,0,62
80,79,79,1,False,False,False,True,False,False,False,False,False,False,True,0,1,79
35,28,27,1,False,False,True,False,False,False,False,False,False,True,False,0,0,30
42,62,60,0,False,False,True,False,False,False,False,True,False,False,False,0,0,55
60,51,56,1,False,False,True,False,False,True,False,False,False,False,False,0,1,56
87,91,81,1,False,False,False,False,True,False,False,True,False,False,False,1,1,86
84,83,75,1,False,True,False,False,False,False,False,False,False,False,True,1,1,81
83,86,88,0,False,False,False,False,True,True,False,False,False,False,False,0,1,86
34,42,39,0,False,False,True,False,False,False,False,True,False,False,False,0,0,38
66,77,70,1,False,True,False,False,False,False,False,True,False,False,False,0,0,71
61,56,56,1,False,True,False,False,False,False,False,False,False,False,True,1,1,58
56,68,74,0,False,False,False,True,False,False,False,True,False,False,False,1,1,66
87,85,73,1,False,True,False,False,False,True,False,False,False,False,False,1,0,82
55,65,62,0,False,False,True,False,False,False,False,False,False,False,True,0,0,61
86,80,75,1,False,False,False,True,False,False,False,False,False,False,True,1,0,80
52,66,73,0,False,True,False,False,False,True,False,False,False,False,False,1,1,64
45,56,54,0,False,False,False,False,True,False,False,False,True,False,False,0,0,52
72,72,71,0,False,False,True,False,False,False,False,False,False,True,False,1,0,72
57,50,54,1,False,False,False,True,False,False,False,True,False,False,False,1,0,54
68,72,64,1,True,False,False,False,False,False,False,False,False,False,True,0,0,68
88,95,94,0,False,False,True,False,False,False,False,False,False,True,False,1,1,92
76,64,66,1,False,False,False,True,False,False,False,False,False,True,False,1,0,69
46,43,42,1,False,False,True,False,False,True,False,False,False,False,False,1,0,44
67,86,83,0,False,True,False,False,False,False,True,False,False,False,False,1,0,79
92,87,78,1,False,False,False,False,True,False,False,False,False,False,True,1,0,86
83,82,84,1,False,False,True,False,False,False,True,False,False,False,False,1,1,83
80,75,77,1,False,False,False,True,False,True,False,False,False,False,False,1,0,77
63,66,67,1,False,False,False,True,False,False,True,False,False,False,False,0,0,65
64,60,74,0,False,False,False,True,False,False,False,False,False,False,True,1,1,66
54,52,51,1,False,True,False,False,False,False,False,False,False,True,False,1,0,52
84,80,80,1,False,False,True,False,False,True,False,False,False,False,False,1,0,81
73,68,66,1,False,False,False,True,False,False,False,True,False,False,False,0,1,69
80,83,83,0,False,False,False,False,True,False,True,False,False,False,False,1,0,82
56,52,55,0,False,False,False,True,False,False,False,True,False,False,False,1,0,54
59,51,43,1,False,False,False,False,True,False,False,False,False,True,False,1,0,51
75,74,69,1,False,False,False,True,False,False,False,False,False,False,True,1,0,73
85,76,71,1,False,False,True,False,False,True,False,False,False,False,False,1,0,77
89,76,74,1,False,False,False,False,True,True,False,False,False,False,False,1,0,80
58,70,68,0,False,True,False,False,False,False,False,True,False,False,False,1,1,65
65,64,62,0,False,True,False,False,False,False,False,True,False,False,False,1,0,64
68,60,53,1,False,False,True,False,False,False,False,True,False,False,False,1,0,60
47,49,49,1,True,False,False,False,False,False,False,False,False,False,True,1,1,48
71,83,83,0,False,False,False,True,False,False,False,False,False,True,False,0,0,79
60,70,70,0,False,True,False,False,False,False,False,False,False,False,True,1,1,67
80,80,72,1,False,False,False,True,False,False,False,False,True,False,False,1,0,77
54,52,52,1,False,False,False,True,False,False,False,True,False,False,False,1,0,53
62,73,70,0,False,False,False,False,True,False,False,False,False,True,False,1,0,68
64,73,68,0,False,False,True,False,False,True,False,False,False,False,False,0,0,68
78,77,77,1,False,False,True,False,False,True,False,False,False,False,False,1,1,77
70,75,78,0,False,True,False,False,False,False,False,False,False,True,False,1,0,74
65,81,81,0,False,False,True,False,False,False,False,False,True,False,False,0,1,76
64,79,77,0,False,False,True,False,False,False,False,False,False,False,True,0,1,73
79,79,78,1,False,False,True,False,False,False,False,False,False,True,False,1,1,79
44,50,51,0,False,False,True,False,False,False,False,False,False,False,True,0,0,48
99,93,90,0,False,False,False,False,True,False,False,True,False,False,False,1,0,94
76,73,68,1,False,False,False,True,False,False,False,True,False,False,False,1,0,72
59,42,41,1,False,False,False,True,False,False,False,False,False,False,True,0,0,47
63,75,81,0,False,False,True,False,False,False,True,False,False,False,False,1,0,73
69,72,77,0,False,False,False,True,False,False,False,True,False,False,False,1,0,73
88,92,95,0,False,False,False,True,False,True,False,False,False,False,False,1,1,92
71,76,70,0,False,False,False,False,True,False,False,False,False,True,False,0,0,72
69,63,61,1,False,False,True,False,False,False,True,False,False,False,False,1,0,64
58,49,42,1,False,False,True,False,False,False,False,False,False,True,False,1,0,50
47,53,58,0,False,False,False,True,False,True,False,False,False,False,False,0,0,53
65,70,71,0,False,False,False,True,False,False,False,False,False,True,False,1,0,69
88,85,76,1,False,True,False,False,False,False,False,False,False,True,False,1,1,83
83,78,73,1,False,False,True,False,False,False,True,False,False,False,False,1,0,78
85,92,93,0,False,False,True,False,False,False,False,False,False,False,True,1,1,90
59,63,75,0,False,False,False,False,True,False,False,True,False,False,False,1,1,66
65,86,80,0,False,False,True,False,False,False,False,False,False,False,True,0,0,77
73,56,57,1,False,True,False,False,False,False,True,False,False,False,False,0,0,62
53,52,42,1,False,False,False,True,False,False,False,True,False,False,False,1,0,49
45,48,46,1,False,False,False,True,False,False,False,True,False,False,False,1,0,46
73,79,84,0,False,False,False,True,False,False,True,False,False,False,False,0,0,79
70,78,78,0,False,False,False,True,False,False,False,False,False,True,False,0,1,75
37,46,46,0,False,True,False,False,False,False,False,False,False,False,True,1,0,43
81,82,82,1,False,True,False,False,False,True,False,False,False,False,False,1,1,82
97,82,88,1,False,False,False,False,True,True,False,False,False,False,False,1,1,89
67,89,82,0,False,True,False,False,False,False,False,False,False,False,True,1,0,79
88,75,76,1,False,True,False,False,False,False,True,False,False,False,False,0,0,80
77,76,77,1,False,False,False,False,True,False,False,False,False,False,True,1,1,77
76,70,68,1,False,False,True,False,False,True,False,False,False,False,False,1,0,71
86,73,70,1,False,False,False,True,False,False,False,False,False,False,True,1,0,76
63,60,57,1,False,False,True,False,False,False,False,False,False,False,True,1,1,60
65,73,75,0,False,False,False,False,True,False,True,False,False,False,False,1,0,71
78,77,80,1,False,False,False,True,False,False,False,True,False,False,False,0,1,78
67,62,60,1,False,True,False,False,False,True,False,False,False,False,False,0,0,63
46,41,43,1,True,False,False,False,False,False,False,False,False,False,True,1,1,43
71,74,68,1,False,False,False,False,True,True,False,False,False,False,False,1,1,71
40,46,50,1,False,False,True,False,False,False,False,True,False,False,False,0,1,45
90,87,75,1,False,False,False,True,False,True,False,False,False,False,False,0,0,84
81,78,81,1,True,False,False,False,False,False,False,False,False,True,False,0,1,80
56,54,52,1,False,False,False,True,False,False,False,False,False,False,True,0,0,54
67,84,81,0,False,False,True,False,False,True,False,False,False,False,False,1,1,77
80,76,64,1,False,True,False,False,False,True,False,False,False,False,False,1,0,73
74,75,83,0,False,False,True,False,False,True,False,False,False,False,False,1,1,77
69,67,69,1,True,False,False,False,False,False,False,False,False,True,False,1,0,68
99,87,81,1,False,False,False,False,True,False,False,False,False,True,False,1,1,89
51,52,44,1,False,False,True,False,False,False,False,False,False,False,True,1,0,49
53,71,67,0,False,True,False,False,False,True,False,False,False,False,False,0,0,64
49,57,52,0,False,False,False,True,False,False,False,True,False,False,False,0,0,53
73,76,80,0,False,True,False,False,False,True,False,False,False,False,False,1,0,76
66,60,57,1,False,True,False,False,False,False,True,False,False,False,False,1,0,61
67,61,68,1,False,False,False,True,False,False,True,False,False,False,False,1,1,65
68,67,69,0,False,False,True,False,False,True,False,False,False,False,False,0,1,68
59,64,75,0,False,False,True,False,False,False,True,False,False,False,False,1,1,66
71,66,65,1,False,False,True,False,False,False,False,True,False,False,False,1,0,67
77,82,91,0,False,False,False,True,False,False,False,False,True,False,False,1,1,83
83,72,78,1,False,False,True,False,False,True,False,False,False,False,False,1,0,78
63,71,69,1,False,True,False,False,False,False,True,False,False,False,False,1,0,68
56,65,63,0,False,False,False,True,False,True,False,False,False,False,False,0,0,61
67,79,84,0,False,False,True,False,False,False,False,True,False,False,False,0,1,77
75,86,79,0,False,False,False,False,True,False,False,True,False,False,False,1,0,80
71,81,80,0,False,False,True,False,False,False,False,False,False,True,False,1,0,77
43,53,53,0,False,False,True,False,False,False,False,False,False,False,True,0,0,50
41,46,43,0,False,False,True,False,False,False,False,True,False,False,False,0,0,43
82,90,94,0,False,False,True,False,False,False,False,False,False,True,False,1,0,89
61,61,62,1,False,False,True,False,False,False,False,False,False,True,False,1,0,61
28,23,19,1,True,False,False,False,False,False,False,False,False,True,False,0,0,23
82,75,77,1,False,False,True,False,False,True,False,False,False,False,False,1,1,78
41,55,51,0,False,True,False,False,False,False,False,False,False,False,True,1,0,49
71,60,61,1,False,False,True,False,False,False,False,True,False,False,False,1,0,64
47,37,35,1,False,False,True,False,False,True,False,False,False,False,False,1,0,40
62,56,53,1,False,False,False,False,True,True,False,False,False,False,False,1,1,57
90,78,81,1,False,True,False,False,False,True,False,False,False,False,False,1,0,83
83,93,95,0,False,False,True,False,False,False,True,False,False,False,False,1,0,90
61,68,66,0,False,True,False,False,False,False,False,False,False,True,False,0,0,65
76,70,69,1,False,False,False,True,False,False,False,False,False,False,True,1,1,72
49,51,43,1,False,False,True,False,False,True,False,False,False,False,False,1,0,48
24,38,27,0,False,True,False,False,False,False,False,False,False,False,True,0,0,30
35,55,60,0,False,False,False,True,False,False,False,False,False,False,True,0,1,50
58,61,52,1,False,False,True,False,False,False,False,True,False,False,False,0,0,57
61,73,63,0,False,False,True,False,False,False,False,True,False,False,False,1,0,66
69,76,74,0,False,True,False,False,False,False,False,True,False,False,False,1,1,73
67,72,67,1,False,False,False,True,False,True,False,False,False,False,False,1,1,69
79,73,67,1,False,False,False,True,False,False,False,False,False,True,False,1,0,73
72,80,75,0,False,False,True,False,False,False,False,True,False,False,False,1,0,76
62,61,57,1,False,True,False,False,False,False,False,False,False,True,False,1,0,60
77,94,95,0,False,False,True,False,False,False,True,False,False,False,False,1,1,89
75,74,66,1,False,False,False,True,False,False,False,True,False,False,False,0,0,72
87,74,76,1,False,False,False,False,True,True,False,False,False,False,False,1,0,79
52,65,69,0,False,True,False,False,False,False,True,False,False,False,False,1,0,62
66,57,52,1,False,False,False,False,True,False,False,False,False,True,False,1,0,58
63,78,80,0,False,False,True,False,False,False,False,False,False,True,False,1,1,74
46,58,57,0,False,False,True,False,False,True,False,False,False,False,False,1,0,54
59,71,70,0,False,False,True,False,False,False,False,False,False,True,False,1,0,67
61,72,70,0,False,True,False,False,False,False,True,False,False,False,False,1,0,68
63,61,61,1,True,False,False,False,False,True,False,False,False,False,False,1,0,62
42,66,69,0,False,False,True,False,False,False,False,False,False,True,False,0,1,59
59,62,61,1,False,False,False,True,False,False,False,False,False,True,False,0,0,61
80,90,89,0,False,False,False,True,False,False,False,False,False,True,False,1,0,86
58,62,59,0,False,True,False,False,False,False,False,True,False,False,False,1,0,60
85,84,78,1,False,True,False,False,False,False,False,False,False,False,True,1,1,82
52,58,58,0,False,False,True,False,False,False,False,False,False,True,False,1,0,56
27,34,32,0,False,False,False,True,False,False,False,False,False,False,True,0,0,31
59,60,58,1,False,False,True,False,False,False,False,False,False,True,False,1,0,59
49,58,60,1,True,False,False,False,False,False,True,False,False,False,False,0,1,56
69,58,53,1,False,False,True,False,False,False,False,True,False,False,False,1,1,60
61,66,61,1,False,False,True,False,False,False,True,False,False,False,False,0,0,63
44,64,58,0,True,False,False,False,False,False,False,False,False,False,True,0,0,55
73,84,85,0,False,False,False,True,False,False,False,False,False,False,True,1,0,81
84,77,71,1,False,False,False,False,True,False,False,False,False,True,False,1,0,77
45,73,70,0,False,False,True,False,False,False,False,False,False,True,False,0,1,63
74,74,72,1,False,False,False,True,False,False,False,False,False,False,True,1,0,73
82,97,96,0,False,False,False,True,False,False,False,False,False,True,False,1,1,92
59,70,73,0,False,False,False,True,False,False,True,False,False,False,False,1,0,67
46,43,41,1,False,False,False,False,True,True,False,False,False,False,False,0,0,43
80,90,82,0,False,False,False,True,False,False,False,False,False,False,True,1,0,84
85,95,100,0,False,False,False,True,False,False,False,False,True,False,False,0,1,93
71,83,77,0,True,False,False,False,False,False,False,False,False,False,True,1,0,77
66,64,62,1,True,False,False,False,False,False,True,False,False,False,False,1,0,64
80,86,83,0,False,True,False,False,False,True,False,False,False,False,False,1,0,83
87,100,95,1,False,False,True,False,False,True,False,False,False,False,False,1,1,94
79,81,71,1,False,False,True,False,False,False,False,False,True,False,False,0,0,77
38,49,45,0,False,False,False,False,True,False,False,False,False,False,True,0,0,44
38,43,43,0,True,False,False,False,False,False,False,False,False,False,True,0,0,41
67,76,75,0,False,False,False,False,True,False,False,False,False,True,False,1,0,73
64,73,70,0,False,False,False,False,True,False,True,False,False,False,False,1,0,69
57,78,67,0,False,False,True,False,False,True,False,False,False,False,False,0,0,67
62,64,64,0,False,False,False,True,False,False,False,True,False,False,False,1,0,63
73,70,75,1,False,False,False,True,False,False,False,False,True,False,False,1,0,73
73,67,59,1,False,False,False,False,True,False,False,False,False,False,True,0,1,66
77,68,77,0,False,False,False,True,False,False,False,False,False,True,False,1,0,74
76,67,67,1,False,False,False,False,True,False,False,False,False,True,False,1,0,70
57,54,56,1,False,False,True,False,False,True,False,False,False,False,False,1,1,56
65,74,77,0,False,False,True,False,False,False,False,False,False,False,True,1,1,72
48,45,41,1,True,False,False,False,False,False,False,True,False,False,False,0,0,45
50,67,63,0,False,True,False,False,False,False,False,True,False,False,False,0,0,60
85,89,95,0,False,False,True,False,False,True,False,False,False,False,False,1,0,90
74,63,57,1,False,True,False,False,False,False,False,False,False,False,True,1,0,65
60,59,54,1,False,False,False,True,False,False,False,False,False,False,True,1,0,58
59,54,67,0,False,False,True,False,False,False,False,False,False,False,True,1,1,60
53,43,43,1,True,False,False,False,False,False,False,False,False,True,False,1,0,46
49,65,55,0,True,False,False,False,False,False,False,False,False,True,False,0,0,56
88,99,100,0,False,False,False,True,False,False,False,True,False,False,False,1,1,96
54,59,62,0,False,False,True,False,False,False,False,True,False,False,False,1,0,58
63,73,68,0,False,False,True,False,False,False,False,False,False,False,True,1,0,68
65,65,63,1,False,True,False,False,False,True,False,False,False,False,False,1,1,64
82,80,77,0,False,True,False,False,False,True,False,False,False,False,False,1,0,80
52,57,56,0,False,False,False,True,False,False,False,True,False,False,False,0,1,55
87,84,85,1,False,False,False,True,False,True,False,False,False,False,False,1,1,85
70,71,74,0,False,False,False,True,False,False,False,False,True,False,False,1,1,72
84,83,78,1,False,False,False,False,True,False,False,False,False,True,False,1,1,82
71,66,60,1,False,False,False,True,False,True,False,False,False,False,False,1,0,66
63,67,67,1,False,True,False,False,False,False,False,False,False,False,True,1,1,66
51,72,79,0,False,False,True,False,False,False,True,False,False,False,False,0,1,67
84,73,69,1,False,False,False,False,True,False,False,True,False,False,False,1,0,75
71,74,68,1,False,False,True,False,False,False,True,False,False,False,False,1,1,71
74,73,67,1,False,False,True,False,False,True,False,False,False,False,False,1,0,71
68,59,62,1,False,False,False,True,False,False,False,False,False,True,False,1,0,63
57,56,54,1,False,False,False,False,True,False,False,True,False,False,False,0,1,56
82,93,93,0,False,False,True,False,False,True,False,False,False,False,False,0,1,89
57,58,64,0,False,False,False,True,False,False,False,True,False,False,False,1,1,60
47,58,67,0,False,False,False,True,False,False,False,False,True,False,False,0,1,57
59,85,80,0,True,False,False,False,False,False,False,False,False,False,True,1,1,75
41,39,34,1,False,True,False,False,False,False,False,False,False,True,False,0,0,38
62,67,62,0,False,False,True,False,False,False,False,False,False,True,False,0,0,64
86,83,86,1,False,False,True,False,False,False,True,False,False,False,False,1,0,85
69,71,65,1,False,False,True,False,False,False,False,False,False,False,True,0,0,68
65,59,53,1,True,False,False,False,False,False,False,False,False,False,True,0,0,59
68,63,54,1,False,False,True,False,False,False,False,False,False,False,True,0,0,62
64,66,59,1,False,False,True,False,False,True,False,False,False,False,False,0,0,63
61,72,70,0,False,False,True,False,False,False,False,True,False,False,False,1,0,68
61,56,55,1,False,False,True,False,False,False,False,True,False,False,False,1,0,57
47,59,50,0,True,False,False,False,False,False,False,False,False,False,True,0,0,52
73,66,66,1,False,False,True,False,False,False,False,False,False,False,True,1,0,68
50,48,53,1,False,False,True,False,False,False,False,False,False,True,False,0,1,50
75,68,64,1,False,False,False,True,False,True,False,False,False,False,False,1,0,69
75,66,73,1,False,False,False,True,False,True,False,False,False,False,False,0,0,71
70,56,51,1,False,False,True,False,False,False,False,True,False,False,False,1,0,59
89,88,82,1,False,False,False,True,False,False,False,False,False,False,True,1,1,86
67,81,79,0,False,False,True,False,False,False,False,False,False,True,False,1,1,76
78,81,80,0,False,False,False,True,False,False,False,True,False,False,False,1,0,80
59,73,69,0,True,False,False,False,False,False,False,False,False,False,True,0,0,67
73,83,76,0,False,True,False,False,False,True,False,False,False,False,False,1,0,77
79,82,73,1,True,False,False,False,False,False,False,False,False,False,True,0,0,78
67,74,77,0,False,False,True,False,False,False,False,False,False,False,True,1,1,73
69,66,60,1,False,False,False,True,False,False,False,False,False,True,False,0,0,65
86,81,80,1,False,False,True,False,False,False,False,True,False,False,False,1,1,82
47,46,42,1,False,True,False,False,False,False,False,True,False,False,False,1,0,45
81,73,72,1,False,True,False,False,False,True,False,False,False,False,False,1,0,75
64,85,85,0,False,False,True,False,False,False,False,False,False,True,False,0,1,78
100,92,97,0,False,False,False,False,True,False,False,False,False,True,False,1,0,96
65,77,74,0,False,False,True,False,False,True,False,False,False,False,False,0,0,72
65,58,49,1,False,False,True,False,False,False,False,False,False,True,False,0,0,57
53,61,62,0,False,False,True,False,False,True,False,False,False,False,False,0,0,59
37,56,47,1,False,False,True,False,False,False,True,False,False,False,False,0,0,47
79,89,89,0,False,False,False,True,False,False,True,False,False,False,False,1,0,86
53,54,48,1,False,False,False,True,False,True,False,False,False,False,False,0,0,52
100,100,100,0,False,False,False,False,True,False,True,False,False,False,False,1,0,100
72,65,68,1,False,True,False,False,False,False,False,True,False,False,False,1,1,68
53,58,55,1,False,False,True,False,False,False,True,False,False,False,False,0,0,55
54,54,45,1,False,True,False,False,False,False,False,False,False,True,False,0,0,51
71,70,76,0,False,False,False,False,True,False,False,False,False,True,False,1,0,72
77,90,91,0,False,False,True,False,False,False,False,False,False,True,False,0,0,86
75,58,62,1,True,False,False,False,False,False,True,False,False,False,False,1,1,65
84,87,91,0,False,False,True,False,False,False,False,False,False,True,False,1,0,87
26,31,38,0,False,False,False,True,False,True,False,False,False,False,False,0,0,32
72,67,65,1,True,False,False,False,False,False,False,True,False,False,False,0,1,68
77,88,85,0,True,False,False,False,False,False,False,True,False,False,False,0,1,83
91,74,76,1,False,False,True,False,False,False,False,False,False,True,False,1,0,80
83,85,90,0,False,False,True,False,False,True,False,False,False,False,False,1,1,86
63,69,74,0,False,False,True,False,False,False,False,True,False,False,False,1,0,69
68,86,84,0,False,False,True,False,False,True,False,False,False,False,False,1,1,79
59,67,61,0,False,False,False,True,False,False,False,False,False,False,True,1,0,62
90,90,91,0,False,True,False,False,False,True,False,False,False,False,False,1,1,90
71,76,83,0,False,False,False,True,False,False,True,False,False,False,False,1,1,77
76,62,66,1,False,False,False,False,True,False,True,False,False,False,False,1,1,68
80,68,72,1,False,False,False,True,False,True,False,False,False,False,False,1,0,73
55,64,70,0,False,False,False,True,False,False,False,False,True,False,False,1,0,63
76,71,67,1,False,False,False,False,True,True,False,False,False,False,False,1,0,71
73,71,68,1,False,True,False,False,False,False,False,True,False,False,False,1,1,71
52,59,56,0,False,False,False,True,False,True,False,False,False,False,False,0,0,56
68,68,61,1,False,False,True,False,False,False,False,False,False,True,False,0,0,66
59,52,46,1,True,False,False,False,False,False,False,True,False,False,False,1,0,52
49,52,54,0,False,True,False,False,False,True,False,False,False,False,False,1,0,52
70,74,71,1,False,False,True,False,False,False,False,True,False,False,False,1,0,72
61,47,56,1,False,False,False,True,False,False,False,False,False,True,False,0,0,55
60,75,74,0,False,False,True,False,False,True,False,False,False,False,False,0,0,70
64,53,57,1,False,True,False,False,False,False,False,False,False,False,True,1,1,58
79,82,82,1,True,False,False,False,False,True,False,False,False,False,False,0,1,81
65,85,76,0,True,False,False,False,False,True,False,False,False,False,False,0,0,75
64,64,70,0,False,False,True,False,False,True,False,False,False,False,False,1,0,66
83,83,90,0,False,False,True,False,False,False,False,False,False,True,False,1,0,85
81,88,90,0,False,False,True,False,False,False,True,False,False,False,False,1,0,86
54,64,68,0,False,True,False,False,False,False,False,True,False,False,False,1,0,62
68,64,66,1,False,False,False,True,False,False,False,True,False,False,False,1,1,66
54,48,52,0,False,False,True,False,False,False,False,False,False,True,False,1,0,51
59,78,76,0,False,False,False,True,False,False,False,False,False,True,False,0,1,71
66,69,68,0,False,True,False,False,False,False,False,False,False,False,True,1,0,68
76,71,72,1,False,False,False,False,True,False,False,False,False,True,False,1,0,73
74,79,82,0,False,False,False,True,False,False,False,False,True,False,False,1,0,78
94,87,92,0,False,True,False,False,False,True,False,False,False,False,False,1,1,91
63,61,54,1,False,False,True,False,False,False,False,False,False,True,False,0,0,59
95,89,92,0,False,False,False,False,True,True,False,False,False,False,False,1,1,92
40,59,54,0,False,False,False,True,False,False,False,False,True,False,False,0,0,51
82,82,80,0,False,True,False,False,False,False,False,False,False,False,True,1,0,81
68,70,66,1,True,False,False,False,False,False,False,True,False,False,False,1,0,68
55,59,54,1,False,True,False,False,False,False,True,False,False,False,False,0,0,56
79,78,77,1,False,False,True,False,False,False,False,False,True,False,False,1,0,78
86,92,87,0,False,False,True,False,False,False,True,False,False,False,False,1,0,88
76,71,73,1,False,False,False,True,False,False,False,False,False,True,False,1,0,73
64,50,43,1,True,False,False,False,False,False,False,False,False,False,True,1,0,52
62,49,52,1,False,False,False,True,False,False,False,False,False,False,True,0,0,54
54,61,62,0,False,True,False,False,False,False,False,False,False,False,True,1,1,59
77,97,94,0,False,True,False,False,False,False,False,False,True,False,False,0,1,89
76,87,85,0,False,False,True,False,False,False,False,False,False,False,True,1,1,83
74,89,84,0,False,False,False,True,False,False,False,False,False,True,False,1,0,82
66,74,73,0,False,False,False,False,True,False,False,False,False,True,False,1,1,71
66,78,78,0,False,False,False,True,False,False,False,False,False,False,True,1,1,74
67,78,79,0,False,True,False,False,False,False,False,True,False,False,False,0,1,75
71,49,52,1,False,False,False,True,False,False,False,False,False,True,False,1,0,57
91,86,84,0,False,False,True,False,False,True,False,False,False,False,False,1,0,87
69,58,57,1,False,False,False,True,False,False,True,False,False,False,False,1,0,61
54,59,50,1,False,False,True,False,False,False,False,False,True,False,False,0,0,54
53,52,49,1,False,False,True,False,False,False,False,True,False,False,False,1,1,51
68,60,59,1,False,False,False,False,True,False,False,False,False,True,False,1,0,62
56,61,60,1,False,False,True,False,False,False,False,False,False,False,True,0,1,59
36,53,43,0,False,False,True,False,False,False,False,True,False,False,False,0,0,44
29,41,47,0,False,False,False,True,False,False,True,False,False,False,False,0,0,39
62,74,70,0,False,False,True,False,False,True,False,False,False,False,False,1,0,69
68,67,73,0,False,False,True,False,False,True,False,False,False,False,False,1,1,69
47,54,53,0,False,False,True,False,False,False,False,False,False,False,True,1,0,51
62,61,58,1,False,False,False,False,True,True,False,False,False,False,False,1,1,60
79,88,94,0,False,False,False,False,True,True,False,False,False,False,False,1,1,87
73,69,68,1,False,True,False,False,False,False,False,True,False,False,False,1,1,70
66,83,83,0,False,False,True,False,False,False,True,False,False,False,False,0,1,77
51,60,58,1,False,False,True,False,False,True,False,False,False,False,False,1,1,56
51,66,62,0,False,False,False,True,False,False,False,True,False,False,False,1,0,60
85,66,71,1,False,False,False,False,True,False,True,False,False,False,False,1,1,74
97,92,86,1,True,False,False,False,False,True,False,False,False,False,False,1,1,92
75,69,68,1,False,False,True,False,False,False,False,True,False,False,False,1,1,71
79,82,80,1,False,False,False,True,False,True,False,False,False,False,False,0,1,80
81,77,79,0,False,False,True,False,False,True,False,False,False,False,False,1,0,79
82,95,89,0,False,False,False,True,False,True,False,False,False,False,False,1,0,89
64,63,66,0,False,False,False,True,False,False,False,False,True,False,False,1,0,64
78,83,80,1,False,False,False,False,True,False,False,False,False,False,True,0,1,80
92,100,97,0,True,False,False,False,False,False,False,False,False,False,True,1,1,96
72,67,64,1,False,False,True,False,False,False,False,True,False,False,False,1,1,68
62,67,64,0,False,False,True,False,False,False,False,True,False,False,False,0,0,64
79,72,69,1,False,False,True,False,False,False,False,False,True,False,False,1,0,73
79,76,65,1,False,False,True,False,False,False,False,False,False,False,True,0,0,73
87,90,88,1,False,True,False,False,False,False,True,False,False,False,False,0,1,88
40,48,50,0,False,True,False,False,False,True,False,False,False,False,False,1,0,46
77,62,64,1,False,False,False,True,False,False,False,False,False,True,False,0,0,68
53,45,40,1,False,False,False,False,True,True,False,False,False,False,False,1,0,46
32,39,33,0,False,False,True,False,False,False,False,False,False,True,False,0,0,35
55,72,79,0,False,False,True,False,False,True,False,False,False,False,False,1,1,69
61,67,66,1,False,False,True,False,False,False,False,False,True,False,False,0,0,65
53,70,70,0,False,True,False,False,False,True,False,False,False,False,False,0,0,64
73,66,62,1,False,False,False,True,False,False,False,False,False,False,True,1,0,67
74,75,79,0,False,False,False,True,False,False,False,False,False,True,False,1,1,76
63,74,74,0,False,False,True,False,False,False,False,False,False,True,False,1,0,70
96,90,92,1,False,False,True,False,False,False,True,False,False,False,False,1,1,93
63,80,80,0,False,False,False,True,False,False,False,False,False,True,False,0,1,74
48,51,46,1,False,True,False,False,False,False,True,False,False,False,False,0,0,48
48,43,45,1,False,True,False,False,False,True,False,False,False,False,False,1,0,45
92,100,100,0,False,False,False,False,True,False,True,False,False,False,False,0,1,97
61,71,78,0,False,False,False,True,False,False,False,False,True,False,False,0,1,70
63,48,47,1,False,True,False,False,False,False,False,True,False,False,False,0,0,53
68,68,67,1,False,False,False,True,False,False,True,False,False,False,False,0,0,68
71,75,70,1,False,True,False,False,False,False,False,False,False,True,False,1,1,72
91,96,92,1,True,False,False,False,False,False,True,False,False,False,False,1,0,93
53,62,56,0,False,False,True,False,False,False,False,False,False,True,False,1,0,57
50,66,64,0,False,False,True,False,False,False,False,True,False,False,False,0,1,60
74,81,71,0,False,False,False,False,True,False,False,True,False,False,False,1,0,75
40,55,53,1,True,False,False,False,False,True,False,False,False,False,False,0,1,49
61,51,52,1,True,False,False,False,False,False,False,False,False,True,False,1,1,55
81,91,89,0,False,True,False,False,False,False,False,True,False,False,False,1,0,87
48,56,58,0,False,True,False,False,False,False,False,False,False,True,False,0,1,54
53,61,68,0,False,False,False,True,False,False,False,False,True,False,False,1,0,61
81,97,96,0,False,False,False,True,False,False,False,False,False,False,True,1,0,91
77,79,80,0,False,False,False,False,True,False,False,False,False,False,True,1,0,79
63,73,78,0,False,False,False,True,False,False,True,False,False,False,False,0,0,71
73,75,80,0,False,False,False,True,False,True,False,False,False,False,False,1,1,76
69,77,77,0,False,False,False,True,False,False,False,False,False,True,False,1,0,74
65,76,76,0,False,False,True,False,False,True,False,False,False,False,False,1,0,72
55,73,73,0,True,False,False,False,False,False,False,True,False,False,False,1,0,67
44,63,62,0,False,False,True,False,False,False,True,False,False,False,False,0,0,56
54,64,65,0,False,False,True,False,False,False,False,False,False,True,False,1,0,61
48,66,65,0,True,False,False,False,False,False,False,False,False,False,True,1,0,60
58,57,54,1,False,False,True,False,False,False,False,False,False,True,False,0,0,56
71,62,50,1,True,False,False,False,False,False,False,False,False,False,True,1,0,61
68,68,64,1,False,False,False,False,True,False,True,False,False,False,False,1,0,67
74,76,73,0,False,False,False,False,True,False,False,True,False,False,False,1,0,74
92,100,99,0,False,False,True,False,False,False,True,False,False,False,False,1,1,97
56,79,72,0,False,False,True,False,False,False,True,False,False,False,False,1,1,69
30,24,15,1,False,True,False,False,False,False,False,True,False,False,False,0,0,23
53,54,48,1,True,False,False,False,False,False,False,False,False,False,True,1,0,52
69,77,73,0,False,False,False,True,False,False,False,True,False,False,False,1,0,73
65,82,81,0,False,False,False,True,False,False,False,False,False,False,True,1,0,76
54,60,63,0,False,False,False,True,False,False,False,False,True,False,False,1,0,59
29,29,30,0,False,False,True,False,False,False,False,True,False,False,False,1,0,29
76,78,80,0,False,False,False,False,True,False,False,False,False,True,False,1,0,78
60,57,51,1,False,False,False,True,False,False,False,True,False,False,False,0,0,56
84,89,90,1,False,False,False,True,False,False,False,False,True,False,False,0,1,88
75,72,62,1,False,False,True,False,False,False,False,False,False,False,True,1,0,70
85,84,82,0,False,False,True,False,False,True,False,False,False,False,False,1,0,84
40,58,54,0,False,False,True,False,False,False,False,False,True,False,False,0,0,51
61,64,62,0,False,False,False,False,True,False,False,False,False,True,False,1,0,62
58,63,65,0,False,True,False,False,False,True,False,False,False,False,False,1,0,62
69,60,63,1,False,False,False,True,False,False,False,False,False,True,False,0,1,64
58,59,66,0,False,False,True,False,False,False,False,False,False,True,False,1,0,61
94,90,91,1,False,False,True,False,False,False,True,False,False,False,False,1,1,92
65,77,74,0,False,False,True,False,False,True,False,False,False,False,False,1,0,72
82,93,93,0,True,False,False,False,False,True,False,False,False,False,False,1,0,89
60,68,72,0,False,False,True,False,False,False,False,True,False,False,False,1,0,67
37,45,38,0,False,False,False,False,True,False,True,False,False,False,False,1,0,40
88,78,83,1,False,False,False,True,False,False,True,False,False,False,False,1,0,83
95,81,84,1,False,False,False,True,False,False,False,False,True,False,False,1,0,87
65,73,68,1,False,False,True,False,False,True,False,False,False,False,False,0,1,69
35,61,54,0,False,False,True,False,False,False,False,True,False,False,False,0,0,50
62,63,56,1,False,True,False,False,False,False,True,False,False,False,False,0,0,60
58,51,52,1,False,False,True,False,False,False,False,True,False,False,False,0,1,54
100,96,86,1,True,False,False,False,False,False,False,False,False,True,False,1,1,94
61,58,62,0,False,False,False,False,True,False,True,False,False,False,False,0,0,60
100,97,99,1,False,False,False,True,False,False,False,False,False,True,False,1,1,99
69,70,63,1,False,True,False,False,False,True,False,False,False,False,False,0,1,67
61,48,46,1,False,False,False,True,False,True,False,False,False,False,False,1,0,52
49,57,46,1,False,False,False,True,False,False,False,False,False,True,False,0,0,51
44,51,55,0,False,False,True,False,False,False,False,False,False,False,True,1,1,50
67,64,70,1,False,False,False,True,False,False,False,False,False,True,False,1,0,67
79,60,65,1,False,True,False,False,False,False,False,True,False,False,False,1,0,68
66,74,81,0,False,True,False,False,False,False,True,False,False,False,False,1,1,74
75,88,85,0,False,False,True,False,False,False,False,True,False,False,False,1,0,83
84,84,80,1,False,False,False,True,False,False,False,False,False,False,True,1,0,83
71,74,64,1,True,False,False,False,False,False,False,True,False,False,False,1,0,70
67,80,81,0,False,True,False,False,False,False,False,True,False,False,False,0,1,76
80,92,88,0,False,False,False,True,False,False,False,False,False,False,True,1,1,87
86,76,74,1,False,False,False,False,True,False,False,False,False,True,False,1,0,79
76,74,73,0,False,False,False,True,False,True,False,False,False,False,False,1,0,74
41,52,51,1,False,False,False,True,False,False,False,True,False,False,False,1,0,48
74,88,90,0,False,False,False,True,False,True,False,False,False,False,False,0,1,84
72,81,79,0,False,True,False,False,False,False,False,False,False,False,True,0,0,77
74,79,80,0,False,False,False,False,True,False,False,True,False,False,False,1,1,78
70,65,60,1,False,True,False,False,False,False,False,True,False,False,False,1,0,65
65,81,81,0,False,True,False,False,False,False,True,False,False,False,False,1,1,76
59,70,65,0,False,False,False,True,False,True,False,False,False,False,False,1,0,65
64,62,68,0,False,False,False,False,True,False,False,True,False,False,False,0,0,65
50,53,55,0,False,True,False,False,False,False,False,True,False,False,False,1,0,53
69,79,81,0,False,False,False,True,False,False,False,False,False,True,False,1,1,76
51,56,53,1,False,False,True,False,False,False,False,False,False,False,True,0,1,53
68,80,76,0,True,False,False,False,False,False,False,True,False,False,False,1,1,75
85,86,98,0,False,False,False,True,False,False,False,False,False,True,False,1,1,90
65,70,74,0,True,False,False,False,False,True,False,False,False,False,False,1,1,70
73,79,79,0,False,True,False,False,False,False,False,False,False,False,True,1,0,77
62,67,67,0,False,True,False,False,False,False,False,False,False,True,False,1,0,65
77,67,64,1,False,False,True,False,False,True,False,False,False,False,False,0,0,69
69,66,61,1,False,False,False,True,False,False,False,False,False,False,True,1,0,65
43,60,58,0,False,False,False,True,False,True,False,False,False,False,False,0,0,54
90,87,85,1,False,False,False,True,False,True,False,False,False,False,False,1,0,87
74,77,73,1,False,False,True,False,False,False,False,False,False,True,False,0,0,75
73,66,63,1,False,False,True,False,False,False,False,False,False,False,True,1,0,67
55,71,69,0,False,False,False,True,False,False,False,False,False,True,False,0,0,65
65,69,67,0,False,False,True,False,False,False,False,True,False,False,False,1,0,67
80,63,63,1,False,False,False,True,False,True,False,False,False,False,False,1,0,69
50,60,60,0,False,False,True,False,False,False,False,False,False,False,True,0,1,57
63,73,71,0,False,False,True,False,False,False,False,False,False,True,False,0,1,69
77,85,87,0,False,True,False,False,False,False,True,False,False,False,False,0,0,83
73,74,61,1,False,False,True,False,False,False,False,False,False,True,False,1,0,69
81,72,77,1,False,False,False,True,False,True,False,False,False,False,False,1,1,77
66,76,68,0,False,False,True,False,False,False,False,True,False,False,False,0,0,70
52,57,50,1,False,False,False,True,False,True,False,False,False,False,False,0,0,53
69,78,76,0,False,False,True,False,False,False,False,False,False,True,False,1,0,74
65,84,84,0,False,False,True,False,False,True,False,False,False,False,False,1,1,78
69,77,78,0,False,False,False,True,False,False,False,True,False,False,False,1,1,75
50,64,66,0,False,True,False,False,False,False,False,False,False,True,False,1,1,60
73,78,76,0,False,False,False,False,True,False,False,False,False,True,False,1,1,76
70,82,76,0,False,False,True,False,False,False,False,False,False,False,True,1,1,76
81,75,78,1,False,False,False,True,False,True,False,False,False,False,False,0,0,78
63,61,60,1,False,False,False,True,False,False,False,False,False,True,False,0,0,61
67,72,74,0,False,False,False,True,False,False,False,True,False,False,False,1,0,71
60,68,60,1,False,True,False,False,False,False,False,True,False,False,False,1,0,63
62,55,54,1,False,True,False,False,False,False,False,True,False,False,False,1,0,57
29,40,44,0,False,False,True,False,False,False,False,False,False,False,True,0,1,38
62,66,68,1,False,True,False,False,False,False,False,False,False,True,False,1,1,65
94,99,100,0,False,False,False,False,True,False,False,False,True,False,False,1,1,98
85,75,68,1,False,False,False,False,True,False,False,False,False,True,False,1,1,76
77,78,73,1,False,False,False,True,False,True,False,False,False,False,False,0,0,76
53,58,44,1,True,False,False,False,False,False,False,True,False,False,False,0,0,52
93,90,83,1,False,False,False,False,True,False,False,False,False,True,False,0,0,89
49,53,53,0,False,False,True,False,False,True,False,False,False,False,False,1,0,52
73,76,78,0,False,False,False,False,True,True,False,False,False,False,False,0,0,76
66,74,81,0,False,False,True,False,False,False,True,False,False,False,False,0,1,74
77,77,73,0,False,False,False,True,False,True,False,False,False,False,False,1,0,76
49,63,56,0,False,False,True,False,False,False,False,False,False,False,True,1,0,56
79,89,86,0,False,False,False,True,False,False,False,False,False,True,False,0,0,85
75,82,90,0,False,False,True,False,False,True,False,False,False,False,False,1,1,82
59,72,70,0,True,False,False,False,False,False,True,False,False,False,False,1,0,67
57,78,79,0,False,False,False,True,False,True,False,False,False,False,False,1,1,71
66,66,59,1,False,False,True,False,False,False,False,True,False,False,False,0,0,64
79,81,82,0,False,False,False,False,True,False,True,False,False,False,False,1,1,81
57,67,72,0,False,True,False,False,False,False,False,False,False,False,True,1,0,65
87,84,87,1,True,False,False,False,False,False,True,False,False,False,False,1,1,86
63,64,67,0,False,False,False,True,False,False,False,False,False,True,False,1,0,65
59,63,64,0,False,True,False,False,False,False,False,False,False,False,True,0,1,62
62,72,65,1,True,False,False,False,False,False,True,False,False,False,False,0,0,66
46,34,36,1,False,False,False,True,False,False,False,True,False,False,False,1,0,39
66,59,52,1,False,False,True,False,False,False,False,False,False,True,False,1,0,59
89,87,79,1,False,False,False,True,False,False,False,True,False,False,False,1,0,85
42,61,58,0,False,False,False,True,False,True,False,False,False,False,False,0,1,54
93,84,90,1,False,False,True,False,False,False,False,False,False,True,False,1,1,89
80,85,85,0,False,False,False,False,True,False,False,False,False,False,True,1,1,83
98,100,99,0,False,False,False,True,False,False,False,False,False,True,False,1,0,99
81,81,84,1,False,False,False,True,False,False,False,False,True,False,False,1,0,82
60,70,74,0,False,True,False,False,False,False,False,False,False,False,True,1,1,68
76,94,87,0,False,True,False,False,False,True,False,False,False,False,False,0,1,86
73,78,72,1,False,False,True,False,False,True,False,False,False,False,False,1,1,74
96,96,99,0,False,False,True,False,False,True,False,False,False,False,False,1,1,97
76,76,74,0,False,False,True,False,False,False,False,True,False,False,False,1,0,75
91,73,80,1,False,False,False,False,True,True,False,False,False,False,False,0,1,81
62,72,70,0,False,False,True,False,False,False,False,False,False,True,False,0,0,68
55,59,59,1,False,False,False,True,False,False,False,False,False,False,True,0,1,58
74,90,88,0,False,True,False,False,False,False,False,False,False,False,True,0,1,84
50,48,42,1,False,False,True,False,False,False,False,True,False,False,False,1,0,47
47,43,41,1,False,True,False,False,False,False,False,False,False,True,False,1,0,44
81,74,71,1,False,False,False,False,True,False,False,False,False,True,False,1,1,75
65,75,77,0,False,False,False,False,True,True,False,False,False,False,False,1,1,72
68,51,57,1,False,False,False,False,True,False,False,False,False,False,True,1,1,59
73,92,84,0,False,False,False,True,False,False,False,True,False,False,False,0,0,83
53,39,37,1,False,False,True,False,False,False,False,False,False,True,False,1,0,43
68,77,80,0,False,True,False,False,False,True,False,False,False,False,False,0,1,75
55,46,43,1,True,False,False,False,False,False,False,False,False,False,True,0,0,48
87,89,94,0,False,False,True,False,False,False,False,False,False,True,False,1,1,90
55,47,44,1,False,False,False,True,False,False,False,False,False,False,True,1,0,49
53,58,57,0,False,False,False,False,True,False,False,False,False,True,False,0,0,56
67,57,59,1,False,False,True,False,False,False,False,False,True,False,False,1,0,61
92,79,84,1,False,False,True,False,False,True,False,False,False,False,False,1,0,85
53,66,73,0,False,True,False,False,False,False,False,False,False,True,False,0,1,64
81,71,73,1,False,False,False,True,False,True,False,False,False,False,False,1,0,75
61,60,55,1,False,False,True,False,False,False,False,True,False,False,False,0,0,59
80,73,72,1,False,False,False,True,False,False,True,False,False,False,False,1,0,75
37,57,56,0,True,False,False,False,False,True,False,False,False,False,False,0,0,50
81,84,82,0,False,False,True,False,False,False,False,True,False,False,False,1,0,82
59,73,72,0,False,False,True,False,False,True,False,False,False,False,False,1,1,68
55,55,47,1,False,True,False,False,False,False,False,False,False,True,False,0,0,52
72,79,74,1,False,False,False,True,False,True,False,False,False,False,False,1,0,75
69,75,71,1,False,False,False,True,False,False,False,True,False,False,False,1,0,72
69,64,68,1,False,False,True,False,False,False,False,False,False,True,False,1,0,67
50,60,59,0,False,False,True,False,False,False,True,False,False,False,False,0,0,56
87,84,86,1,False,True,False,False,False,False,False,False,False,True,False,1,1,86
71,69,68,1,False,False,False,True,False,False,False,False,False,False,True,1,1,69
68,72,65,1,False,False,False,False,True,False,False,False,False,True,False,1,0,68
79,77,75,1,False,False,True,False,False,False,False,False,True,False,False,0,1,77
77,90,85,0,False,False,True,False,False,False,False,False,False,False,True,1,1,84
58,55,53,1,False,False,True,False,False,True,False,False,False,False,False,0,0,55
84,95,92,0,False,False,False,False,True,True,False,False,False,False,False,1,0,90
55,58,52,1,False,False,False,True,False,False,False,False,False,True,False,1,0,55
70,68,72,1,False,False,False,False,True,False,True,False,False,False,False,0,1,70
52,59,65,0,False,False,False,True,False,False,False,False,False,True,False,0,1,59
69,77,77,1,False,True,False,False,False,False,False,False,False,True,False,1,1,74
53,72,64,0,False,False,True,False,False,False,False,True,False,False,False,0,0,63
48,58,54,0,False,False,False,True,False,False,False,False,False,False,True,1,0,53
78,81,86,1,False,False,False,True,False,False,False,False,False,False,True,1,1,82
62,62,63,0,False,True,False,False,False,False,False,True,False,False,False,1,0,62
60,63,59,1,False,False,False,True,False,False,False,False,False,True,False,1,0,61
74,72,72,0,False,True,False,False,False,False,False,True,False,False,False,1,0,73
58,75,77,0,False,False,True,False,False,False,False,True,False,False,False,1,1,70
76,62,60,1,False,True,False,False,False,False,False,True,False,False,False,1,1,66
68,71,75,0,False,False,False,True,False,False,False,False,False,False,True,1,0,71
58,60,57,1,True,False,False,False,False,False,False,False,False,True,False,0,0,58
52,48,49,1,False,True,False,False,False,False,False,True,False,False,False,1,0,50
75,73,74,1,False,False,False,True,False,False,True,False,False,False,False,1,0,74
52,67,72,0,False,True,False,False,False,False,False,False,False,False,True,0,1,64
62,78,79,0,False,False,True,False,False,False,True,False,False,False,False,0,0,73
66,65,60,1,False,True,False,False,False,False,False,False,False,True,False,1,0,64
49,58,55,0,False,True,False,False,False,False,False,False,False,False,True,0,0,54
66,72,70,0,False,True,False,False,False,False,False,True,False,False,False,1,0,69
35,44,43,0,False,False,True,False,False,False,False,False,False,True,False,0,0,41
72,79,82,0,True,False,False,False,False,False,False,False,False,True,False,1,1,78
94,85,82,1,False,False,False,False,True,True,False,False,False,False,False,1,1,87
46,56,57,0,False,False,False,True,False,True,False,False,False,False,False,0,0,53
77,90,84,0,False,True,False,False,False,False,False,False,True,False,False,1,0,84
76,85,82,0,False,True,False,False,False,False,False,True,False,False,False,0,1,81
52,59,62,0,False,False,True,False,False,True,False,False,False,False,False,1,1,58
91,81,79,1,False,False,True,False,False,False,True,False,False,False,False,1,1,84
32,51,44,0,False,True,False,False,False,False,False,False,False,False,True,1,1,42
72,79,77,0,False,False,False,False,True,False,False,False,False,False,True,0,0,76
19,38,32,0,False,True,False,False,False,False,False,False,False,True,False,1,0,30
68,65,61,1,False,False,True,False,False,True,False,False,False,False,False,0,0,65
52,65,61,0,False,False,True,False,False,False,False,False,True,False,False,0,0,59
48,62,60,0,False,True,False,False,False,False,False,True,False,False,False,1,0,57
60,66,70,0,False,False,False,True,False,False,False,False,False,True,False,0,0,65
66,74,69,1,False,False,False,True,False,False,False,True,False,False,False,0,0,70
89,84,77,1,False,False,False,False,True,False,False,False,False,False,True,1,1,83
42,52,51,0,False,True,False,False,False,False,False,True,False,False,False,1,0,48
57,68,73,0,False,False,False,False,True,True,False,False,False,False,False,0,1,66
70,70,70,1,False,False,False,True,False,False,False,True,False,False,False,1,0,70
70,84,81,0,False,False,False,False,True,True,False,False,False,False,False,0,0,78
69,60,54,1,False,False,False,False,True,False,False,False,False,True,False,1,0,61
52,55,57,0,False,False,True,False,False,True,False,False,False,False,False,1,0,55
67,73,68,1,False,False,True,False,False,False,False,False,False,False,True,1,1,69
76,80,73,1,False,False,True,False,False,False,False,False,False,False,True,1,1,76
87,94,95,0,False,False,False,False,True,True,False,False,False,False,False,1,0,92
82,85,87,0,False,True,False,False,False,False,False,False,False,True,False,1,0,85
73,76,78,0,False,False,True,False,False,False,False,False,False,True,False,1,0,76
75,81,74,1,True,False,False,False,False,False,False,False,False,True,False,0,0,77
64,74,75,0,False,False,False,True,False,False,False,False,False,True,False,0,0,71
41,45,40,0,False,False,False,False,True,False,False,True,False,False,False,0,0,42
90,75,69,1,False,False,True,False,False,False,False,True,False,False,False,1,0,78
59,54,51,1,False,True,False,False,False,False,True,False,False,False,False,1,0,55
51,31,36,1,True,False,False,False,False,False,False,False,False,False,True,1,0,39
45,47,49,1,True,False,False,False,False,False,False,True,False,False,False,0,0,47
54,64,67,0,False,False,True,False,False,False,False,False,True,False,False,1,1,62
87,84,76,1,False,False,False,False,True,False,False,False,False,False,True,1,1,82
72,80,83,0,False,False,True,False,False,False,False,True,False,False,False,1,0,78
94,86,87,1,False,True,False,False,False,False,False,False,False,False,True,1,1,89
45,59,64,0,True,False,False,False,False,False,True,False,False,False,False,1,0,56
61,70,76,1,False,False,False,True,False,False,True,False,False,False,False,0,1,69
60,72,68,0,False,True,False,False,False,False,False,True,False,False,False,0,0,67
77,91,88,0,False,False,True,False,False,False,False,False,False,False,True,1,0,85
85,90,92,0,True,False,False,False,False,False,False,False,False,False,True,1,1,89
78,90,93,0,False,False,False,True,False,False,True,False,False,False,False,0,0,87
49,52,51,1,False,False,False,False,True,False,False,False,False,True,False,0,1,51
71,87,82,0,False,True,False,False,False,False,False,True,False,False,False,0,0,80
48,58,52,0,False,False,True,False,False,False,False,False,False,False,True,0,0,53
62,67,58,1,False,False,True,False,False,False,False,True,False,False,False,1,0,62
56,68,70,0,False,False,True,False,False,True,False,False,False,False,False,0,1,65
65,69,76,0,False,False,True,False,False,False,False,False,False,False,True,1,0,70
69,86,81,0,False,False,False,True,False,False,False,False,False,False,True,0,1,79
68,54,53,1,False,True,False,False,False,False,False,False,False,False,True,1,0,58
61,60,57,0,True,False,False,False,False,False,False,False,False,True,False,0,0,59
74,86,89,0,False,False,True,False,False,False,True,False,False,False,False,0,1,83
64,60,58,1,True,False,False,False,False,False,True,False,False,False,False,1,0,61
77,82,89,0,False,True,False,False,False,False,False,True,False,False,False,1,1,83
58,50,45,1,False,True,False,False,False,False,False,False,False,True,False,1,0,51
60,64,74,0,False,False,True,False,False,False,False,True,False,False,False,1,1,66
73,64,57,1,False,False,False,False,True,False,False,True,False,False,False,1,0,65
75,82,79,0,True,False,False,False,False,False,False,True,False,False,False,1,1,79
58,57,53,1,False,True,False,False,False,True,False,False,False,False,False,0,1,56
66,77,73,0,False,False,True,False,False,True,False,False,False,False,False,1,0,72
39,52,46,0,False,False,False,True,False,False,False,True,False,False,False,0,0,46
64,58,51,1,False,False,True,False,False,False,False,False,False,False,True,1,0,58
23,44,36,0,False,True,False,False,False,False,False,True,False,False,False,0,1,34
74,77,76,1,False,True,False,False,False,False,False,False,False,True,False,0,1,76
40,65,64,0,False,False,False,True,False,False,False,False,False,False,True,0,1,56
90,85,84,1,False,False,False,False,True,False,False,False,True,False,False,1,0,86
91,85,85,1,False,False,True,False,False,False,False,False,True,False,False,1,1,87
64,54,50,1,False,False,False,True,False,False,False,True,False,False,False,1,0,56
59,72,68,0,False,False,True,False,False,False,False,True,False,False,False,1,0,66
80,75,69,1,False,False,False,True,False,True,False,False,False,False,False,1,0,75
71,67,67,1,False,False,True,False,False,False,False,False,True,False,False,1,0,68
61,68,63,0,True,False,False,False,False,False,False,True,False,False,False,1,0,64
87,85,93,0,False,False,False,False,True,False,False,False,False,True,False,1,0,88
82,67,61,1,False,False,False,False,True,False,False,False,False,False,True,1,0,70
62,64,55,1,False,False,True,False,False,False,False,False,False,False,True,1,0,60
97,97,96,0,False,True,False,False,False,False,True,False,False,False,False,1,0,97
75,68,65,1,False,True,False,False,False,False,False,False,False,True,False,0,0,69
65,79,81,0,False,False,True,False,False,False,True,False,False,False,False,1,0,75
52,49,46,1,False,True,False,False,False,False,False,True,False,False,False,1,1,49
87,73,72,1,False,False,True,False,False,True,False,False,False,False,False,0,0,77
53,62,53,0,False,False,True,False,False,True,False,False,False,False,False,1,0,56
81,86,87,0,False,False,False,False,True,False,False,False,True,False,False,0,0,85
39,42,38,1,False,False,False,True,False,False,True,False,False,False,False,0,1,40
71,71,80,0,False,False,True,False,False,False,False,False,False,True,False,1,1,74
97,93,91,1,False,False,True,False,False,True,False,False,False,False,False,1,0,94
82,82,88,1,False,False,False,True,False,False,False,False,False,True,False,1,1,84
59,53,52,1,False,False,True,False,False,False,False,True,False,False,False,0,0,55
61,42,41,1,False,True,False,False,False,True,False,False,False,False,False,1,0,48
78,74,72,1,False,False,False,False,True,True,False,False,False,False,False,0,1,75
49,51,51,1,False,False,True,False,False,True,False,False,False,False,False,0,0,50
59,58,47,1,False,True,False,False,False,False,False,True,False,False,False,1,0,55
70,72,76,0,False,False,True,False,False,False,False,False,False,True,False,1,1,73
82,84,78,1,False,True,False,False,False,True,False,False,False,False,False,1,1,81
90,90,82,1,False,False,False,False,True,True,False,False,False,False,False,0,0,87
43,62,61,0,False,False,True,False,False,False,True,False,False,False,False,0,0,55
80,64,66,1,False,False,True,False,False,False,False,False,False,True,False,0,0,70
81,82,84,1,False,False,False,True,False,False,False,False,False,True,False,1,0,82
57,61,54,1,False,False,True,False,False,False,False,False,False,False,True,1,0,57
59,72,80,0,False,False,False,True,False,False,False,False,False,False,True,1,0,70
64,76,74,0,False,False,False,True,False,True,False,False,False,False,False,1,0,71
63,64,66,1,False,False,True,False,False,False,True,False,False,False,False,1,1,64
71,70,70,0,False,False,False,False,True,False,True,False,False,False,False,1,1,70
64,73,71,0,False,True,False,False,False,False,False,True,False,False,False,0,0,69
55,46,44,1,False,False,False,True,False,False,True,False,False,False,False,0,0,48
51,51,54,0,False,False,False,False,True,True,False,False,False,False,False,1,0,52
62,76,80,0,False,False,True,False,False,True,False,False,False,False,False,1,1,73
93,100,95,0,False,False,False,False,True,True,False,False,False,False,False,1,1,96
54,72,59,1,False,False,True,False,False,False,False,True,False,False,False,0,0,62
69,65,74,0,False,False,False,True,False,False,False,False,False,True,False,0,0,69
44,51,48,1,False,False,False,True,False,False,False,True,False,False,False,0,0,48
86,85,91,0,False,False,False,False,True,False,False,False,False,True,False,1,1,87
85,92,85,0,False,False,False,False,True,True,False,False,False,False,False,1,0,87
50,67,73,0,True,False,False,False,False,False,False,False,True,False,False,0,0,63
88,74,75,1,False,False,False,True,False,False,False,False,False,False,True,1,1,79
59,62,69,0,False,False,False,False,True,True,False,False,False,False,False,1,0,63
32,34,38,0,False,False,False,False,True,False,False,False,False,False,True,0,0,35
36,29,27,1,False,True,False,False,False,False,False,True,False,False,False,0,0,31
63,78,79,0,False,True,False,False,False,False,False,False,False,False,True,0,1,73
67,54,63,1,False,False,False,True,False,True,False,False,False,False,False,1,1,61
65,78,82,0,False,False,False,True,False,False,False,False,False,False,True,1,1,75
85,84,89,1,False,False,False,True,False,False,False,False,True,False,False,1,0,86
73,78,74,0,False,False,True,False,False,False,False,False,True,False,False,1,0,75
34,48,41,0,True,False,False,False,False,False,False,True,False,False,False,0,1,41
93,100,100,0,False,False,False,True,False,False,True,False,False,False,False,0,1,98
67,84,84,0,False,False,False,True,False,False,False,False,False,False,True,0,0,78
88,77,77,1,False,False,False,True,False,False,False,False,False,True,False,1,0,81
57,48,51,1,False,True,False,False,False,False,False,True,False,False,False,1,0,52
79,84,91,0,False,False,False,True,False,False,False,False,False,True,False,1,1,85
67,75,72,0,False,False,True,False,False,False,True,False,False,False,False,0,0,71
70,64,70,1,False,False,False,False,True,False,True,False,False,False,False,1,1,68
50,42,48,1,False,False,False,True,False,False,True,False,False,False,False,0,0,47
69,84,82,0,True,False,False,False,False,False,False,False,False,True,False,1,0,78
52,61,66,0,False,False,True,False,False,False,True,False,False,False,False,1,1,60
47,62,66,0,False,False,True,False,False,False,True,False,False,False,False,0,1,58
46,61,55,0,False,True,False,False,False,True,False,False,False,False,False,0,0,54
68,70,66,0,False,False,False,False,True,False,False,False,False,True,False,1,0,68
100,100,100,1,False,False,False,False,True,False,True,False,False,False,False,1,1,100
44,61,52,0,False,False,True,False,False,False,False,True,False,False,False,1,0,52
57,77,80,0,False,False,True,False,False,True,False,False,False,False,False,1,1,71
91,96,91,1,False,True,False,False,False,False,False,False,False,True,False,1,1,93
69,70,67,1,False,False,False,True,False,False,False,True,False,False,False,0,0,69
35,53,46,0,False,False,True,False,False,False,False,True,False,False,False,0,0,45
72,66,66,1,False,False,False,True,False,False,False,True,False,False,False,1,0,68
54,65,65,0,False,True,False,False,False,True,False,False,False,False,False,0,0,61
74,70,69,1,False,False,False,True,False,False,False,True,False,False,False,0,0,71
74,64,60,1,False,False,False,False,True,False,False,False,False,False,True,1,1,66
64,56,52,1,False,False,False,False,True,True,False,False,False,False,False,0,0,57
65,61,71,0,False,False,False,True,False,False,False,True,False,False,False,0,1,66
46,43,44,1,False,False,False,False,True,True,False,False,False,False,False,0,1,44
48,56,51,0,False,False,True,False,False,False,False,False,False,False,True,0,0,52
67,74,70,1,False,False,True,False,False,False,False,False,False,True,False,0,1,70
62,57,62,1,False,False,False,True,False,False,False,False,False,True,False,0,0,60
61,71,73,1,False,False,False,True,False,True,False,False,False,False,False,0,1,68
70,75,74,1,False,False,True,False,False,False,True,False,False,False,False,0,1,73
98,87,90,1,False,False,True,False,False,True,False,False,False,False,False,1,1,92
70,63,58,1,False,False,False,True,False,False,False,False,False,True,False,0,0,64
67,57,53,1,True,False,False,False,False,True,False,False,False,False,False,1,0,59
57,58,57,0,False,False,False,False,True,False,False,True,False,False,False,0,0,57
85,81,85,1,False,False,False,True,False,False,False,False,False,True,False,1,1,84
77,68,69,1,False,False,False,True,False,False,False,False,False,False,True,1,1,71
72,66,72,1,False,False,True,False,False,False,False,False,True,False,False,0,1,70
78,91,96,0,False,False,False,True,False,False,False,False,True,False,False,1,0,88
81,66,64,1,False,False,True,False,False,False,False,True,False,False,False,1,0,70
61,62,61,1,True,False,False,False,False,False,False,False,False,False,True,0,1,61
58,68,61,0,False,True,False,False,False,False,False,True,False,False,False,1,0,62
54,61,58,0,False,False,True,False,False,True,False,False,False,False,False,1,0,58
82,82,80,1,False,True,False,False,False,False,False,True,False,False,False,1,0,81
49,58,60,0,False,False,False,True,False,False,False,False,False,True,False,0,0,56
49,50,52,1,False,True,False,False,False,False,False,False,False,False,True,0,1,50
57,75,73,0,False,False,False,False,True,False,False,True,False,False,False,0,1,68
94,73,71,1,False,False,False,False,True,False,False,True,False,False,False,1,0,79
75,77,83,0,False,False,False,True,False,False,False,False,False,True,False,1,1,78
74,74,72,0,False,False,False,False,True,False,False,False,False,False,True,0,0,73
58,52,54,1,False,False,True,False,False,False,False,True,False,False,False,1,1,55
62,69,69,0,False,False,True,False,False,False,False,False,False,True,False,1,0,67
72,57,62,1,False,False,False,False,True,True,False,False,False,False,False,1,0,64
84,87,81,1,False,False,True,False,False,False,False,False,False,True,False,1,0,84
92,100,100,0,False,False,False,True,False,False,False,False,True,False,False,1,0,97
45,63,59,0,False,False,False,True,False,False,False,True,False,False,False,1,0,56
75,81,71,1,False,False,True,False,False,False,False,True,False,False,False,1,0,76
56,58,64,0,True,False,False,False,False,False,False,False,False,True,False,1,0,59
48,54,53,0,False,False,False,True,False,False,False,False,False,False,True,0,0,52
100,100,100,0,False,False,False,False,True,True,False,False,False,False,False,1,0,100
65,76,75,0,False,False,True,False,False,False,False,False,False,False,True,0,1,72
72,57,58,1,False,False,False,True,False,False,False,False,False,True,False,1,0,62
62,70,72,0,False,False,False,True,False,False,False,False,False,True,False,1,0,68
66,68,64,1,True,False,False,False,False,False,False,False,False,False,True,1,1,66
63,63,60,1,False,False,True,False,False,False,False,False,False,True,False,1,0,62
68,76,67,0,False,False,False,False,True,True,False,False,False,False,False,1,0,70
75,84,80,0,False,True,False,False,False,False,True,False,False,False,False,1,0,80
89,100,100,0,False,False,False,True,False,False,True,False,False,False,False,1,0,96
78,72,69,1,False,False,True,False,False,False,False,False,False,False,True,1,1,73
53,50,60,0,True,False,False,False,False,False,False,True,False,False,False,0,1,54
49,65,61,0,False,False,False,True,False,False,False,False,False,True,False,0,0,58
54,63,67,0,True,False,False,False,False,False,False,False,False,True,False,1,0,61
64,82,77,0,False,False,True,False,False,False,False,False,False,True,False,1,1,74
60,62,60,1,False,True,False,False,False,False,False,False,False,True,False,0,1,61
62,65,58,1,False,False,True,False,False,True,False,False,False,False,False,1,0,62
55,41,48,1,False,False,False,True,False,False,False,True,False,False,False,1,1,48
91,95,94,0,False,False,True,False,False,True,False,False,False,False,False,1,0,93
8,24,23,0,False,True,False,False,False,False,False,True,False,False,False,0,0,18
81,78,78,1,False,False,False,True,False,False,False,False,False,False,True,1,0,79
79,85,86,1,False,True,False,False,False,False,False,False,False,False,True,1,1,83
78,87,91,0,True,False,False,False,False,False,False,False,False,True,False,1,1,85
74,75,82,0,False,False,True,False,False,False,False,False,False,False,True,1,0,77
57,51,54,1,True,False,False,False,False,False,False,True,False,False,False,1,0,54
40,59,51,0,False,False,True,False,False,True,False,False,False,False,False,1,0,50
81,75,76,1,False,False,False,False,True,False,False,False,False,False,True,1,1,77
44,45,45,0,True,False,False,False,False,False,False,False,False,False,True,0,0,45
67,86,83,0,False,False,False,True,False,False,False,False,False,True,False,0,1,79
86,81,75,1,False,False,False,False,True,False,False,True,False,False,False,0,1,81
65,82,78,0,False,True,False,False,False,False,False,False,False,False,True,1,1,75
55,76,76,0,False,False,False,True,False,True,False,False,False,False,False,0,0,69
62,72,74,0,False,False,False,True,False,False,True,False,False,False,False,0,0,69
63,63,62,1,True,False,False,False,False,False,False,True,False,False,False,1,0,63
88,99,95,0,False,False,False,False,True,False,False,False,True,False,False,1,1,94
62,55,55,1,False,False,True,False,False,False,False,True,False,False,False,0,0,57
59,71,65,0,False,False,True,False,False,False,False,True,False,False,False,0,1,65
68,78,77,0,False,False,False,True,False,False,False,False,False,True,False,1,1,74
77,86,86,0,False,False,False,True,False,False,False,False,False,True,False,0,0,83
